Voltage_measured,Voltage_charge,Current_charge,Current_measured,Temperature_measured,Time
3.67439994299409,0.002,-0.0006,-0.0011389460646101,30.2254643887802,0
3.49184525026636,2.411,-2.2697,-2.25934955822437,30.2096604689119,2.563
3.78455320785472,4.517,1.4995,1.49021195853793,30.2094127818023,5.563
3.79299092984387,4.529,1.4995,1.49007042562244,30.2008960788756,8.391
3.79779497154677,4.542,1.4995,1.49063789695388,30.1743636455704,11.235
3.80128526247368,4.542,1.4995,1.49056038007658,30.1463812099417,14.079
3.80415751575134,4.542,1.4995,1.49072989505678,30.1236323516753,16.969
3.80677682142999,4.542,1.4995,1.48786022261727,30.1022195396848,19.813
3.80904266018044,4.555,1.4995,1.48931996185259,30.0713301627312,22.672
3.81059723361243,4.555,1.4995,1.49173881928804,30.0486873133255,25.563
3.81236358273068,4.555,1.4995,1.49182953536323,30.0185396202761,28.422
3.81410279466843,4.555,1.4995,1.49046087104682,30.0019191707395,31.266
3.81524413089643,4.555,1.4995,1.49003506095328,29.9739876183819,34.188
3.81641102990812,4.555,1.4995,1.49231569162735,29.9546674169696,37.079
3.81767185939293,4.555,1.4995,1.48904720515989,29.9380358997905,39.938
3.81892369728177,4.555,1.4995,1.4922330326942,29.9049582715677,42.813
3.81988373781857,4.555,1.4995,1.48896135820244,29.891271834611,45.672
3.82079576297055,4.555,1.4995,1.49235178854402,29.8563378816611,48.563
3.82190428715537,4.555,1.4995,1.4884693144164,29.8325051615445,51.454
3.82268941545113,4.567,1.4995,1.48773394023033,29.8173293744794,54.329
3.82365002874859,4.567,1.4995,1.48945582784947,29.7895642355334,57.204
3.82438468189864,4.567,1.4995,1.4890847087007,29.7606952489658,60.094
3.82515791588765,4.567,1.4995,1.49095927752702,29.743421065102,63.047
3.82587294474445,4.567,1.4995,1.49195309237066,29.7249593982422,65.954
3.82664634226004,4.567,1.4995,1.49007703360238,29.7081496775045,68.829
3.82715524099753,4.567,1.4995,1.49247790233376,29.6912641242284,71.719
3.82798750566491,4.567,1.4995,1.48996414516266,29.6702232244105,74.625
3.82863392049769,4.567,1.4995,1.49337310231957,29.6470937321238,77.532
3.82930232415636,4.567,1.4995,1.48991441836777,29.6246095717395,80.438
3.830341221991,4.567,1.4995,1.48995937378445,29.5977119743768,83.422
3.83110130961746,4.567,1.4995,1.49042640075446,29.5880591892409,86.344
3.83167852845555,4.567,1.4995,1.48778142180139,29.5708373965647,89.25
3.83246083788158,4.567,1.4995,1.4905991188011,29.5491231794313,92.25
3.83337167385103,4.567,1.4995,1.48984208694448,29.5266889019225,95.188
3.83389404589552,4.567,1.4995,1.49132933242293,29.5078283987168,98.11
3.83450801814127,4.58,1.4995,1.49160587857741,29.4954958491111,101.11
3.83524310283377,4.58,1.4995,1.49091858166502,29.4711232019088,104.063
3.83605132194428,4.58,1.4995,1.49044420671081,29.453784666932,107
3.83674918381087,4.58,1.4995,1.4918773615113,29.4223532300149,109.985
3.83791142090328,4.58,1.4995,1.48581521283051,29.404245354128,112.954
3.83843493747151,4.58,1.4995,1.49080372988513,29.3864926588695,115.969
3.83906647390234,4.58,1.4995,1.49260982400271,29.3606901166815,118.938
3.83962623953701,4.58,1.4995,1.49259444781572,29.3456050204281,121.954
3.84083379252266,4.58,1.4995,1.48806806571266,29.3293564095091,124.985
3.8415549486636,4.58,1.4995,1.48946707676022,29.3027921219511,127.985
3.84242843233119,4.58,1.4995,1.4867181969215,29.2860145449008,130.969
3.84336626303487,4.58,1.4995,1.48787897687523,29.2670538718222,133.969
3.843651531318,4.58,1.4995,1.49293180280056,29.2510978572735,136.969
3.84448631269827,4.58,1.4995,1.49160036120882,29.2351704739492,140
3.84526438119189,4.58,1.4995,1.49189705930555,29.2101164646351,142.985
3.8458264363272,4.593,1.4995,1.48805635125094,29.1887774220735,146
3.84698094442901,4.58,1.4995,1.48683815200956,29.1710260691112,149.079
3.84781738627639,4.593,1.4995,1.4913030556918,29.1477507699714,152.125
3.84830766630668,4.593,1.4995,1.491014982363,29.1343684411526,155.172
3.8490095534125,4.593,1.4995,1.49443125679716,29.1179599945009,158.235
3.84982656828099,4.593,1.4995,1.491852225111,29.1006588040714,161.313
3.85057919430391,4.593,1.4995,1.49238969201042,29.0848639120528,164.422
3.8514726301639,4.593,1.4995,1.49128663281992,29.0700412383998,167.485
3.85249402900072,4.593,1.4995,1.49044618385255,29.0495602807453,170.563
3.85327761891559,4.593,1.4995,1.49249698372321,29.0411449349078,173.625
3.85355020573309,4.593,1.4995,1.492094738657,29.0149690795811,176.766
3.85467493019846,4.593,1.4995,1.49114883847139,28.9922560483576,179.922
3.85532386964993,4.593,1.4995,1.49153135453337,28.9873633438581,183.079
3.8559610895827,4.593,1.4995,1.48983812651464,28.9610552442716,186.188
3.85693921668924,4.593,1.4995,1.49032736140867,28.9430261437477,189.313
3.85768685067022,4.593,1.4995,1.4905822388232,28.9081303131055,192.454
3.85821249723048,4.593,1.4995,1.49108365957037,28.894303674074,195.563
3.85910182050132,4.605,1.4995,1.48765213710049,28.8840285295541,198.719
3.85985325800635,4.605,1.4995,1.48987496875836,28.8676610826697,201.907
3.86085265531467,4.605,1.4995,1.4885685441166,28.8465753507595,205.063
3.8614972118879,4.605,1.4995,1.49131788209705,28.8355720127984,208.204
3.86233488382861,4.605,1.4995,1.48945313061104,28.8198781245863,211.36
3.86313594779682,4.605,1.4995,1.49038162499635,28.8020101622819,214.532
3.86368640115711,4.605,1.4995,1.49173332451645,28.7870169101326,217.704
3.86464256473782,4.605,1.4995,1.48940686397668,28.7666746618236,220.86
3.86529043281841,4.605,1.4995,1.48944918153206,28.7497867121551,224.047
3.86606873431562,4.605,1.4995,1.4907359084392,28.7387229298835,227.235
3.86668345693803,4.605,1.4995,1.49072682146217,28.7241586266567,230.454
3.8674805470208,4.605,1.4995,1.49327917757161,28.7059258791662,233.688
3.86838202269325,4.605,1.4995,1.49107031205342,28.6849270298813,236.969
3.86925660141362,4.605,1.4995,1.48877657068301,28.660177107793,240.219
3.86969707451839,4.605,1.4995,1.48992288000278,28.6424696026877,243.454
3.87049131137161,4.605,1.4995,1.48950957255682,28.628468376199,246.766
3.87147257340466,4.605,1.4995,1.48981668710358,28.6101440789631,250.032
3.87216034574099,4.605,1.4995,1.48978669568015,28.5814110587882,253.282
3.87268513374241,4.605,1.4995,1.49220757410711,28.5729085716882,256.594
3.8735590209362,4.605,1.4995,1.49135231532902,28.5629927651015,259.922
3.87437848298646,4.618,1.4995,1.49009029927925,28.5527158318926,263.204
3.87512970888692,4.618,1.4995,1.4911703781891,28.5297654981909,266.532
3.87564395049621,4.618,1.4995,1.48847008370439,28.5114768646212,269.844
3.87655896456954,4.618,1.4995,1.49126427411569,28.4821799776266,273.172
3.87739500444028,4.618,1.4995,1.49023233353417,28.4720588736771,276.547
3.87765518020756,4.618,1.4995,1.49317396093953,28.4659534780322,279.907
3.8785571682661,4.618,1.4995,1.49324610758315,28.4455325360386,283.282
3.87949480728585,4.618,1.4995,1.48775747076999,28.435030764945,286.672
3.88030875203704,4.618,1.4995,1.48910033776649,28.4122147986435,290.016
3.88104012077613,4.618,1.4995,1.49087555533207,28.3957452171324,293.407
3.88177423303033,4.618,1.4995,1.48940209678867,28.3866068981017,296.813
3.88240899348583,4.618,1.4995,1.49315452660247,28.3764046938325,300.25
3.88341031570188,4.618,1.4995,1.49147702040385,28.3637830710546,303.719
3.88371522424768,4.618,1.4995,1.49078473461473,28.3420322599675,307.204
3.88451458908918,4.631,1.4995,1.49305679438159,28.3208612132842,310.657
3.88493143472879,4.631,1.4995,1.49593279545842,28.3054033545375,314.172
3.88635211904371,4.618,1.4995,1.48485866999075,28.2921986820245,317.688
3.88685828043702,4.631,1.4995,1.4929000304988,28.2829578462606,321.157
3.88752252827304,4.631,1.4995,1.48873223036496,28.2660645334845,324.625
3.88827856668931,4.631,1.4995,1.48914795676708,28.2392922231612,328.094
3.88907887657378,4.631,1.4995,1.49049156760809,28.2384900681665,331.579
3.88956125562495,4.631,1.4995,1.49221260100935,28.2281673271961,335.063
3.89033481882753,4.631,1.4995,1.49428619879284,28.2059219461795,338.579
3.89123934976207,4.631,1.4995,1.49174453926716,28.194148599537,342.125
3.89195463218226,4.631,1.4995,1.49273866356269,28.1759344561183,345.735
3.8925994138258,4.631,1.4995,1.49271911072298,28.1659131707881,349.282
3.89319393145498,4.631,1.4995,1.49253031822681,28.1406844063296,352.844
3.89400215041282,4.631,1.4995,1.48806289866214,28.1242971986026,356.454
3.89482267993125,4.631,1.4995,1.49117458719664,28.1082810227904,360.047
3.89539101391843,4.631,1.4995,1.49299424292254,28.0931285351064,363.672
3.89618162870142,4.631,1.4995,1.48986164797531,28.0736455027111,367.266
3.89697996853505,4.631,1.4995,1.4934395224812,28.0566320299591,370.922
3.89736305138895,4.631,1.4995,1.485532970236,28.052827693219,374.625
3.89834112267899,4.631,1.4995,1.49110051841469,28.0432707522242,378.25
3.89901213172566,4.643,1.4995,1.48714030305466,28.0248949845544,381.922
3.89969640740045,4.643,1.4995,1.48982363440379,28.0024971594226,385.641
3.9004511278816,4.643,1.4995,1.48804085816999,27.9806723403707,389.36
3.90105597828008,4.643,1.4995,1.48676296945361,27.9659958836921,393.063
3.90186723325406,4.643,1.4995,1.48973919029487,27.9587774397336,396.782
3.90254490556192,4.643,1.4995,1.496359038122,27.948642068137,400.532
3.90310258106996,4.643,1.4995,1.49015573128299,27.9372606758656,404.266
3.90385051504623,4.643,1.4995,1.49214780974693,27.9214669962588,408.016
3.90448604472017,4.643,1.4995,1.49036494827572,27.8951331395788,411.782
3.90513754500834,4.643,1.4995,1.49213672788262,27.882779711822,415.563
3.90590551611095,4.643,1.4995,1.49183222629953,27.8754142547178,419.329
3.90645650437569,4.643,1.4995,1.4912517101531,27.8696133351499,423.125
3.90708248082996,4.643,1.4995,1.4928219783936,27.8457345778914,426.938
3.90761379617434,4.643,1.4995,1.48798621138711,27.8305455655541,430.797
3.90834547878997,4.643,1.4995,1.4890001605748,27.8151184119513,434.641
3.90909654480243,4.656,1.4995,1.49008123068439,27.7928625579901,438.485
3.90951546091694,4.643,1.4995,1.48874670528912,27.7760947881724,442.344
3.9102496878625,4.656,1.4995,1.48811829683573,27.7667614132946,446.282
3.91075307331812,4.643,1.4995,1.49215381589214,27.765031356778,450.204
3.91113937159896,4.656,1.4995,1.49324447193992,27.7451669227195,454.157
3.91185757298149,4.656,1.4995,1.49086087486205,27.7291406289335,458.094
3.9125234726897,4.656,1.4995,1.49221372428532,27.7178022518546,462.047
3.91314725003931,4.656,1.4995,1.4896922514522,27.7049712160853,465.985
3.91373550000528,4.656,1.4995,1.49068852191188,27.6881321060879,469.985
3.91421839425779,4.656,1.4995,1.49252508651025,27.6764480336254,474
3.91475367833614,4.656,1.4995,1.49101260084792,27.659086128127,478
3.91547248062916,4.656,1.4995,1.49169295467914,27.6530374534867,482.032
3.91595738915905,4.656,1.4995,1.49147272141861,27.6353671269879,486.094
3.9164146815832,4.656,1.4995,1.48935459785024,27.6250548770859,490.188
3.91706438358584,4.656,1.4995,1.48957568064124,27.6082454234996,494.297
3.91717833634034,4.656,1.4995,1.48986503421588,27.5954292705873,498.375
3.91799427247578,4.656,1.4995,1.48901019362901,27.5737570133482,502.454
3.91850539190153,4.656,1.4995,1.48834384344701,27.5618175161805,506.563
3.91914344561706,4.656,1.4995,1.48921116077678,27.5506399249416,510.672
3.91943127503018,4.656,1.4995,1.4902359173664,27.5267785792947,514.797
3.9200191577514,4.656,1.4995,1.48999566748813,27.5243774669742,518.938
3.92078080406716,4.656,1.4995,1.48920764007507,27.5092473546842,523.157
3.92072798157272,4.656,1.4995,1.49070061148605,27.4906893578917,527.313
3.9213012482659,4.656,1.4995,1.4884847472678,27.4795299375514,531.5
3.92211767996028,4.656,1.4995,1.48744262391694,27.4693483293485,535.766
3.9224314634896,4.669,1.4995,1.49145831484865,27.4578262795342,540
3.92283282014033,4.669,1.4995,1.49116620904185,27.4516456257661,544.25
3.92333485642212,4.656,1.4995,1.4888684436436,27.4424294526533,548.485
3.92395616570948,4.656,1.4995,1.49111413339262,27.4349398427224,552.782
3.92418468411573,4.656,1.4995,1.48793321298914,27.4196852724769,557.047
3.92462192869952,4.669,1.4995,1.49265995538597,27.4104833097791,561.375
3.92520263030148,4.669,1.4995,1.4929097261492,27.3986318413457,565.688
3.92553214195757,4.669,1.4995,1.49165085052185,27.3972821849355,570.063
3.92612749102341,4.669,1.4995,1.49107254329091,27.3846621521737,574.469
3.92671629144517,4.669,1.4995,1.489733934571,27.3760663568216,578.891
3.92704024461412,4.669,1.4995,1.49025704065328,27.353862376716,583.297
3.92747723810881,4.669,1.4995,1.48952350871715,27.337178397934,587.704
3.92809432592068,4.669,1.4995,1.48883154719239,27.3320276556429,592.094
3.92829205569359,4.669,1.4995,1.49214894681294,27.3118714388301,596.516
3.9287474054079,4.669,1.4995,1.49187715038972,27.3126463195688,600.954
3.92937654866864,4.669,1.4995,1.49210027464456,27.2951491001599,605.407
3.92976990056896,4.669,1.4995,1.48891648571534,27.2805501425375,609.954
3.93011029484024,4.669,1.4995,1.4906667068616,27.2675459577501,614.469
3.93071252425587,4.669,1.4995,1.49046480535909,27.2595899489957,618.969
3.93086860394016,4.669,1.4995,1.4941083055736,27.2571909817976,623.516
3.93118852678803,4.669,1.4995,1.4932512926014,27.2347196425207,628.047
3.93161130018846,4.669,1.4995,1.49099005305285,27.2249353568363,632.625
3.93227797420851,4.669,1.4995,1.49071612803176,27.219576594753,637.188
3.93263554936369,4.669,1.4995,1.48976987689408,27.2113530261848,641.829
3.93295536240489,4.669,1.4995,1.49134475194042,27.2093977681529,646.454
3.93348915551999,4.669,1.4995,1.49165885696439,27.198136209669,651.11
3.93386952947736,4.669,1.4995,1.49247837918196,27.191576161488,655.797
3.93424082439898,4.669,1.4995,1.4900912389503,27.1751862580253,660.5
3.93464884338323,4.669,1.4995,1.48960962735453,27.1658173411336,665.188
3.93508570280375,4.681,1.4995,1.49255444508902,27.1691770883901,669.907
3.9354372073494,4.681,1.4995,1.49055794880865,27.1486050354833,674.641
3.93567183167549,4.681,1.4995,1.48821457457097,27.141454310466,679.375
3.93628072260938,4.681,1.4995,1.48842139596152,27.1363942216341,684.141
3.93648873318044,4.681,1.4995,1.48958412498728,27.1321426223417,688.938
3.93698204394199,4.681,1.4995,1.49181472484448,27.1175879039667,693.782
3.93752888421078,4.681,1.4995,1.49130558113007,27.1149402009577,698.579
3.93804367942887,4.681,1.4995,1.4908819175712,27.1076426121897,703.422
3.93848492525313,4.681,1.4995,1.48923858448307,27.0971873132379,708.282
3.93916427708174,4.681,1.4995,1.48815407359174,27.0938415209824,713.141
3.93913032443416,4.681,1.4995,1.49075375044826,27.0767268872987,718.032
3.93967654071874,4.681,1.4995,1.48933062584168,27.0801156082718,723
3.94008360049038,4.681,1.4995,1.48919342367419,27.0598590177265,727.969
3.94062626130532,4.681,1.4995,1.49140242863129,27.0546635756995,732.907
3.9410292651546,4.681,1.4995,1.48973532683383,27.0491071251136,737.875
3.9414530873132,4.681,1.4995,1.48846704207679,27.0465227198528,742.891
3.94191220193217,4.681,1.4995,1.48933505201536,27.0392762158125,747.907
3.94233981443218,4.681,1.4995,1.49318504272943,27.0343908232419,752.985
3.94270161262151,4.681,1.4995,1.48920383036304,27.0342212652486,758.063
3.94342043398518,4.681,1.4995,1.49067231460404,27.0276541818198,763.157
3.94358519808276,4.681,1.4995,1.49142736368541,27.0178793840951,768.282
3.94433673341569,4.681,1.4995,1.49272848716313,27.0198207164938,773.438
3.9444897625541,4.681,1.4995,1.4912721474414,27.0077631981608,778.563
3.94481423071036,4.681,1.4995,1.4923014135088,27.0004950271859,783.782
3.94562701627846,4.681,1.4995,1.49304658756832,26.9859744083162,788.954
3.94582217181391,4.681,1.4995,1.4903210332857,27.0018383615093,794.157
3.94642376350858,4.681,1.4995,1.49030259547392,26.9927657214676,799.344
3.94705072705932,4.681,1.4995,1.48888002206112,26.9876327579564,804.579
3.94767885653257,4.681,1.4995,1.49171684922228,26.9871076957161,809.86
3.94770599121182,4.681,1.4995,1.49147833868009,26.9778701000112,815.172
3.94815755521467,4.681,1.4995,1.49037801618871,26.9796722063007,820.516
3.94884931569117,4.681,1.4995,1.49083330259191,26.9661886959363,825.844
3.94922400385992,4.681,1.4995,1.48672767324367,26.9505554841694,831.204
3.94969511192685,4.694,1.4995,1.49051933168451,26.945584025474,836.563
3.95030926397728,4.694,1.4995,1.48829863733535,26.9521750115502,841.907
3.95062868699147,4.694,1.4995,1.49080608883298,26.9457930222445,847.297
3.95109039399997,4.694,1.4995,1.49079997537391,26.9249343241023,852.735
3.95155743514045,4.694,1.4995,1.49023897363698,26.9336246492283,858.219
3.95222396779145,4.694,1.4995,1.48898117749077,26.9343627657974,863.688
3.95286005922682,4.694,1.4995,1.4903171160041,26.9184589491185,869.219
3.95312260337005,4.694,1.4995,1.49248890072985,26.9195570834031,874.735
3.95386238919742,4.694,1.4995,1.4926032437565,26.9119110557694,880.329
3.95430380491933,4.694,1.4995,1.49254922267112,26.9150966388475,885.891
3.95474020809016,4.694,1.4995,1.49339844918393,26.9109950661983,891.485
3.95539631454955,4.694,1.4995,1.48965918031029,26.9046401886326,897.11
3.9556199645935,4.694,1.4995,1.49301233306923,26.9033292392133,902.719
3.95619507309525,4.694,1.4995,1.4893110581205,26.90167013532,908.36
3.95680393160157,4.694,1.4995,1.48959529429444,26.8978625591134,914.032
3.95713255138126,4.694,1.4995,1.49166195239283,26.8890704429354,919.719
3.95747814406883,4.694,1.4995,1.48758659365187,26.8853978382935,925.454
3.95837566268129,4.694,1.4995,1.49258528113101,26.8695458316241,931.235
3.95893206239444,4.694,1.4995,1.4934224244271,26.8837992182155,937
3.95974280930284,4.694,1.4995,1.49086479832562,26.8835463704902,942.813
3.95985727380836,4.694,1.4995,1.49137256634797,26.874776933763,948.594
3.96041904706969,4.707,1.4995,1.48953159995919,26.8709652039466,954.438
3.96093446998858,4.707,1.4995,1.49028487592284,26.8680395824178,960.266
3.96169321046156,4.707,1.4995,1.49279149763813,26.8687697515427,966.172
3.96227896332927,4.694,1.4995,1.49011881964737,26.8669679826329,972.11
3.96292091897719,4.707,1.4995,1.48972586006914,26.8684641916693,978.047
3.96339025170025,4.707,1.4995,1.49037272334738,26.8667918684642,984
3.96365330203483,4.707,1.4995,1.49035688788662,26.8709137931475,989.969
3.96410759140318,4.707,1.4995,1.49062563825167,26.8699040675492,996.047
3.96486833075875,4.707,1.4995,1.49167977691418,26.8705146716655,1002.079
3.96529277099377,4.707,1.4995,1.48882402190503,26.8600034437073,1008.11
3.96604533340969,4.707,1.4995,1.48665438502206,26.8537099652314,1014.204
3.96653081029367,4.707,1.4995,1.48721060865184,26.8667491389756,1020.266
3.96694433417284,4.707,1.4995,1.49230604003645,26.8697211198617,1026.344
3.96770665775063,4.707,1.4995,1.49171151887941,26.8586014658468,1032.485
3.96791418836352,4.707,1.4995,1.48979349718928,26.8555019201764,1038.672
3.96875419328831,4.707,1.4995,1.4884257946839,26.8472393070057,1044.813
3.96870724445223,4.707,1.4995,1.49231691985601,26.8453623568139,1051.032
3.96997124428718,4.707,1.4995,1.4895872247655,26.8532562548513,1057.266
3.96982034452857,4.707,1.4995,1.49126005890268,26.8606508905499,1063.532
3.97105056900167,4.707,1.4995,1.48831177351668,26.8588513951361,1069.813
3.9714867702575,4.707,1.4995,1.4908363216783,26.8608298247278,1076.125
3.97167103635799,4.707,1.4995,1.49464028000885,26.8603863533636,1082.454
3.9725085405514,4.707,1.4995,1.49511900062161,26.8475522792085,1088.86
3.97292924344583,4.707,1.4995,1.4961207548085,26.8402110531501,1095.204
3.97358113107039,4.707,1.4995,1.48912024305194,26.8431705531533,1101.579
3.9740690094308,4.719,1.4995,1.49225866335047,26.8507867772851,1108.032
3.97500470833353,4.719,1.4995,1.4883217343026,26.8637795920221,1114.469
3.97531342101549,4.719,1.4995,1.49161103191942,26.8545264808696,1120.922
3.97590277353183,4.719,1.4995,1.49262573414127,26.8647508358195,1127.532
3.97662162395868,4.719,1.4995,1.49050787528383,26.8616086099053,1134.032
3.97670966458192,4.719,1.4995,1.49184305779604,26.8664816305844,1140.579
3.97740946310037,4.719,1.4995,1.49359023226971,26.8722833658705,1147.172
3.977881736125,4.719,1.4995,1.48957402795463,26.8814244203285,1153.86
3.97893252619657,4.719,1.4995,1.48891781768974,26.8674218664955,1160.485
3.9794553591923,4.719,1.4995,1.49047838869071,26.8801175427662,1167.141
3.97986334700012,4.719,1.4995,1.49087994197361,26.8692040059934,1173.829
3.98046918776882,4.719,1.4995,1.49443528497573,26.8714584937185,1180.563
3.98130678889545,4.719,1.4995,1.48789071970253,26.8770658005006,1187.297
3.98184211948816,4.719,1.4995,1.48852676033711,26.8826689959205,1194.032
3.98226736387018,4.719,1.4995,1.49222167959718,26.8827028870956,1200.813
3.98282404852645,4.719,1.4995,1.49248762483568,26.8784630971061,1207.625
3.98347365989883,4.719,1.4995,1.48698351924457,26.8845277275302,1214.5
3.98378114808904,4.719,1.4995,1.49094630512889,26.8804731577777,1221.422
3.98454413319938,4.719,1.4995,1.49033661998955,26.8817119344074,1228.297
3.98530740783877,4.719,1.4995,1.48991865910468,26.8901967049374,1235.188
3.98600827884275,4.719,1.4995,1.48848750101174,26.8888802709725,1242.125
3.98665141088614,4.719,1.4995,1.49111113718026,26.8847225641453,1249.11
3.98697428873375,4.732,1.4995,1.49249709828184,26.8965091984891,1256.157
3.98763042667756,4.719,1.4995,1.48904123072373,26.9024515133949,1263.172
3.98793225134837,4.719,1.4995,1.4857874023193,26.9059824617467,1270.235
3.98895919940273,4.732,1.4995,1.48889344304958,26.9271753967903,1277.297
3.98955614529975,4.732,1.4995,1.48989807511961,26.919222411427,1284.391
3.98990660074683,4.732,1.4995,1.48889369614108,26.919249308125,1291.532
3.99060684892929,4.732,1.4995,1.49072607685146,26.9197975057316,1298.688
3.99141873245321,4.732,1.4995,1.48819891337105,26.928016002555,1305.907
3.99218002184335,4.732,1.4995,1.49235206167501,26.9384268461739,1313.094
3.99274305440739,4.732,1.4995,1.48960025371786,26.9437526417364,1320.36
3.99353898940376,4.732,1.4995,1.48841397731488,26.9399856121835,1327.672
3.99396655610597,4.732,1.4995,1.49007108328039,26.9466993690902,1334.938
3.99469490130112,4.732,1.4995,1.49215843675224,26.9466084739361,1342.297
3.99541266871862,4.732,1.4995,1.48924395106446,26.9455752779533,1349.657
3.9962391013007,4.732,1.4995,1.49133575157447,26.9434986570462,1357.016
3.99681209537809,4.732,1.4995,1.49118877284242,26.9509011571102,1364.407
3.99741832379865,4.732,1.4995,1.49060097807137,26.9605734789328,1371.875
3.99800089235238,4.732,1.4995,1.48921255406797,26.9579723727896,1379.407
3.99898777947389,4.732,1.4995,1.49043798323032,26.9656938635463,1386.922
3.99933436586606,4.732,1.4995,1.49068762731943,26.963714777466,1394.438
3.99986726716631,4.745,1.4995,1.49112374386781,26.9786902646246,1401.969
4.00087886574269,4.745,1.4995,1.49032159799939,26.9757372400091,1409.516
4.00167704469021,4.745,1.4995,1.48945713239883,26.9905194008817,1417.063
4.00207399281664,4.745,1.4995,1.49175223933128,26.9876580794297,1424.688
4.00303224234991,4.745,1.4995,1.48968748537536,26.9962991582635,1432.344
4.00382348777585,4.745,1.4995,1.4888164897478,27.0052049293939,1439.985
4.00430242084062,4.745,1.4995,1.49130063526171,27.0122015882435,1447.704
4.00544171560612,4.745,1.4995,1.49087901023467,27.0341102617825,1455.469
4.00608491785585,4.745,1.4995,1.49192826187886,27.0350298152593,1463.188
4.00678533353434,4.745,1.4995,1.49284188712952,27.0270719560409,1470.969
4.00751221584691,4.745,1.4995,1.48926520831765,27.0451470780566,1478.797
4.00827295851503,4.745,1.4995,1.49180866843195,27.0531309092204,1486.719
4.00891353998528,4.745,1.4995,1.49069283912118,27.0556489701233,1494.594
4.01000860248433,4.745,1.4995,1.49261783299354,27.0665661115061,1502.5
4.01049677106274,4.745,1.4995,1.49068870998855,27.0774753581113,1510.36
4.01150254439665,4.745,1.4995,1.49174466600503,27.0638785107371,1518.313
4.01218804791077,4.757,1.4995,1.48919256181382,27.0784020540169,1526.204
4.01312417815571,4.757,1.4995,1.48883479680299,27.08183033254,1534.141
4.01364743108759,4.757,1.4995,1.48867278887722,27.0805372789657,1542.079
4.01435282233578,4.757,1.4995,1.49086607719744,27.092810445841,1550.141
4.01538301730803,4.757,1.4995,1.49179605675672,27.101859089359,1558.157
4.01630243667442,4.757,1.4995,1.48897835836374,27.1188200188193,1566.235
4.01729037771299,4.757,1.4995,1.49057383442956,27.1294548584122,1574.313
4.01816051197855,4.757,1.4995,1.49536934545596,27.1281416853993,1582.422
4.01856257348554,4.757,1.4995,1.48922522378505,27.141928283113,1590.594
4.01960510248466,4.757,1.4995,1.48910345260035,27.1386075546121,1598.797
4.02068864265106,4.757,1.4995,1.49089148475445,27.1476078291018,1607.063
4.02118172636008,4.757,1.4995,1.4909664558279,27.1452665389971,1615.032
4.02223371807714,4.757,1.4995,1.49199931068134,27.1446722769763,1623.094
4.02327600283822,4.757,1.4995,1.48951996229516,27.1522568068151,1631.157
4.02402327548915,4.757,1.4995,1.48839921944856,27.1668469862213,1639.266
4.02471953765205,4.77,1.4995,1.48936074984739,27.1661848934457,1647.422
4.02559662034746,4.757,1.4995,1.48896813627638,27.1787814065733,1655.61
4.02633011123544,4.757,1.4995,1.49266434951211,27.1869258941639,1663.813
4.02764012024469,4.77,1.4995,1.49074807727268,27.2084365124101,1672.032
4.02847610521364,4.77,1.4995,1.49098826776661,27.2021950827127,1680.313
4.02934996397609,4.77,1.4995,1.48752700206051,27.2099118555226,1688.563
4.03037969164308,4.77,1.4995,1.49191829216037,27.2262201944317,1696.907
4.0310580689148,4.77,1.4995,1.4897739315293,27.2296008033079,1705.297
4.0323054467288,4.77,1.4995,1.48958317267394,27.2415883826941,1713.735
4.03318354244947,4.77,1.4995,1.48739898084597,27.2421854160914,1722.11
4.03404949536853,4.77,1.4995,1.48960043637076,27.2585918818496,1730.547
4.03525923884138,4.77,1.4995,1.48969718377127,27.2609038130561,1739.016
4.03633955675562,4.77,1.4995,1.49086842787551,27.269355129894,1747.532
4.03705664747963,4.77,1.4995,1.49009700387268,27.2912023534264,1756.094
4.03793863239919,4.783,1.4995,1.48849222149947,27.2941545925212,1764.657
4.03898132057595,4.77,1.4995,1.48826317646574,27.3005735319284,1773.266
4.03989086604566,4.783,1.4995,1.49285004808505,27.3081903927316,1781.875
4.04096948520552,4.783,1.4995,1.48851222930654,27.3115328590378,1790.547
4.04208959587163,4.783,1.4995,1.48966647175221,27.3073602945839,1799.25
4.04324724413649,4.783,1.4995,1.48855166572467,27.3215270387339,1807.938
4.04388268106792,4.783,1.4995,1.49013789797161,27.3253786606037,1816.438
4.04525399445546,4.783,1.4995,1.49192022110136,27.3297438271554,1825.016
4.04623659610126,4.783,1.4995,1.48976270955055,27.3435482285352,1833.547
4.04694331786105,4.783,1.4995,1.49006121480985,27.3582505364838,1842.157
4.04837825890918,4.783,1.4995,1.48859799222601,27.3723493890021,1850.766
4.04951865733296,4.783,1.4995,1.48991183720966,27.3762689613303,1859.469
4.0500833139474,4.783,1.4995,1.48912452501491,27.3822553612183,1868.25
4.0517100615507,4.796,1.4995,1.49343374256027,27.3991674867514,1877
4.05290931060847,4.796,1.4995,1.48956913173957,27.4051669038619,1885.75
4.05382976808114,4.796,1.4995,1.49000360578089,27.4018866206678,1894.516
4.05481603963236,4.796,1.4995,1.49010556232971,27.408551505436,1903.297
4.05595065840438,4.796,1.4995,1.49153719001876,27.4211622791695,1912.172
4.05704321153375,4.796,1.4995,1.4891929497191,27.4289632428416,1921.016
4.05795305729386,4.796,1.4995,1.48975810976262,27.4304620870221,1930.016
4.05920284344832,4.796,1.4995,1.48985282997172,27.4513144328102,1938.954
4.06044472075538,4.796,1.4995,1.48882479730831,27.4558758769275,1947.954
4.06177683418219,4.796,1.4995,1.49233455820779,27.4597533784743,1957.016
4.06268502196043,4.808,1.4995,1.49116564922631,27.4836273679493,1966.079
4.06411361308141,4.796,1.4995,1.49077527072201,27.4968283914572,1975.188
4.06508500151142,4.808,1.4995,1.49104727899772,27.496501964466,1984.375
4.06631976914751,4.808,1.4995,1.49172275642233,27.5217872300893,1993.532
4.0678599880745,4.808,1.4995,1.49137258473417,27.5243098692626,2002.688
4.06876541745125,4.808,1.4995,1.49266909813288,27.5395340103615,2011.266
4.07021309206875,4.808,1.4995,1.48920077011748,27.5532755475517,2019.797
4.07126617154246,4.808,1.4995,1.48807032962484,27.5535109570023,2028.344
4.07229691759355,4.808,1.4995,1.48890855855453,27.5634859671304,2036.985
4.07354339312071,4.808,1.4995,1.48634142017836,27.5727919756408,2045.672
4.07469950594666,4.808,1.4995,1.48901468880242,27.5726911921089,2054.313
4.07583212535906,4.808,1.4995,1.48955295166855,27.5938787156197,2063.063
4.07707104966134,4.821,1.4995,1.49011407356253,27.5923330095641,2071.813
4.07805803108894,4.821,1.4995,1.49046234624688,27.6025948149748,2080.579
4.080093104583,4.821,1.4995,1.49389365267733,27.6095562460542,2089.36
4.08082845268054,4.821,1.4995,1.49141384207918,27.6235239689927,2098.235
4.08232153894708,4.821,1.4995,1.49279753123571,27.6249504237399,2107.079
4.08332724673604,4.821,1.4995,1.49178682277638,27.6326595151143,2115.969
4.08436940482395,4.821,1.4995,1.4902573227643,27.6573570381337,2124.938
4.08589406636211,4.821,1.4995,1.49224401053292,27.6600466076474,2133.954
4.08738527960709,4.821,1.4995,1.49179402769591,27.6682911382566,2143
4.08842819635536,4.834,1.4995,1.48860583576154,27.6809916712061,2152.079
4.08980618832409,4.834,1.4995,1.49027229032593,27.6931569047487,2161.157
4.09113072526441,4.834,1.4995,1.49076213793673,27.7009162430051,2170.25
4.09281224230166,4.834,1.4995,1.49006799815539,27.7235402330958,2179.407
4.09364192837381,4.834,1.4995,1.48875318807875,27.7291668365605,2188.563
4.09557091239747,4.834,1.4995,1.49404202543807,27.7428801305561,2197.75
4.09659844554432,4.834,1.4995,1.49197941272332,27.7480126723011,2207
4.09770580993306,4.834,1.4995,1.49248209933531,27.7506806406099,2216.235
4.0989974198272,4.834,1.4995,1.49034085173382,27.7651720656563,2225.547
4.10128640106614,4.834,1.4995,1.49290940302061,27.7687825501504,2234.922
4.10230130839309,4.846,1.4995,1.4905866502652,27.7758720893238,2244.297
4.10384376613342,4.846,1.4995,1.49172149750063,27.7864035308564,2253.704
4.10533431286086,4.846,1.4995,1.48715965368983,27.8004533362151,2263.141
4.10666652297537,4.846,1.4995,1.49100429461415,27.8080698883764,2272.61
4.1084571408715,4.846,1.4995,1.49036148557582,27.8167335769135,2282.157
4.10949756869268,4.846,1.4995,1.49044542937247,27.8331789235967,2291.688
4.11112279202962,4.846,1.4995,1.4892590195061,27.8362704937083,2301.266
4.11278929143373,4.846,1.4995,1.48907773535569,27.8519991717925,2310.875
4.11405798116425,4.846,1.4995,1.48759884057657,27.8737411180585,2320.563
4.11553819353433,4.859,1.4995,1.48968982708622,27.8696059272503,2330.36
4.11730072738967,4.859,1.4995,1.49039380238171,27.8857325229875,2340.032
4.11887382421233,4.859,1.4995,1.49282454124891,27.908038055091,2349.813
4.12052563170428,4.859,1.4995,1.49012861946076,27.9063738523,2359.563
4.12234135914874,4.859,1.4995,1.49045416002878,27.9273521278447,2369.36
4.12383627002943,4.859,1.4995,1.48720308243758,27.951571127266,2379.204
4.12489674430463,4.859,1.4995,1.48819948359297,27.9521062747969,2389.172
4.12707660635494,4.859,1.4995,1.48933505383356,27.9727211349072,2399.016
4.12853761894107,4.872,1.4995,1.48980358690234,27.9781683495,2409
4.13009484281392,4.872,1.4995,1.48727284155131,27.9909392624882,2418.969
4.13193473405048,4.872,1.4995,1.48922521461769,28.0012525739007,2429.016
4.13343385051852,4.872,1.4995,1.49268171401239,28.0058785688601,2439.079
4.13543471088697,4.872,1.4995,1.48887520583483,28.0250977394209,2449.157
4.13686146718351,4.872,1.4995,1.49154681199124,28.0354635540298,2459.313
4.13849261643554,4.872,1.4995,1.4898084631578,28.0492963587343,2469.485
4.1401203555741,4.884,1.4995,1.48968607683962,28.0677949057523,2479.688
4.14214186666901,4.884,1.4995,1.49103213059499,28.0808200692964,2489.922
4.14375230913522,4.884,1.4995,1.48887497333585,28.0865105441306,2500.219
4.14518722073712,4.884,1.4995,1.48985637997231,28.1038462682866,2509.891
4.147107502367,4.884,1.4995,1.48865979218332,28.1149101576679,2519.594
4.14868662533979,4.884,1.4995,1.49116487915182,28.1312833870023,2529.329
4.15063402301021,4.884,1.4995,1.48922003309133,28.1476667851443,2539.016
4.15192034000611,4.897,1.4995,1.48921197176528,28.154875553962,2548.829
4.15354993913836,4.897,1.4995,1.48931617177192,28.1722348424762,2558.625
4.15546237314494,4.897,1.4995,1.49169760408285,28.1957191360211,2568.5
4.15699467165088,4.897,1.4995,1.49031959957398,28.2094358802587,2578.344
4.15860169846269,4.897,1.4995,1.48916602750348,28.2195406291522,2588.219
4.16035970133946,4.897,1.4995,1.49198922729788,28.2386229671667,2598.266
4.1620046655644,4.897,1.4995,1.48754747719803,28.2463914175086,2608.297
4.16385100413205,4.897,1.4995,1.49344912589057,28.2607078410529,2618.313
4.16554625240995,4.91,1.4995,1.49259277136057,28.2779363938912,2628.36
4.16712547787062,4.91,1.4995,1.48920171328405,28.3048332458622,2638.438
4.16864298091555,4.91,1.4995,1.49449453620925,28.3237697214166,2648.61
4.17060803165902,4.91,1.4995,1.49017650760838,28.3497584739066,2658.782
4.17220043094018,4.91,1.4995,1.48974657341646,28.3649701232198,2668.985
4.17396022104946,4.91,1.4995,1.49024147399316,28.3861048091807,2679.172
4.17553623391797,4.91,1.4995,1.49100296193272,28.3988051139782,2689.438
4.17748110825239,4.922,1.4995,1.48802146200071,28.426101240382,2699.766
4.17892866505438,4.922,1.4995,1.49414307408951,28.4447699299451,2710.094
4.18099579375968,4.922,1.4995,1.4917435394135,28.4753287153895,2720.454
4.18253931580234,4.922,1.4995,1.49033080511703,28.4956822586117,2730.844
4.18416660020965,4.922,1.4995,1.48985909537786,28.5302654002753,2741.313
4.18566140627153,4.922,1.4995,1.49026569402151,28.536945961212,2751.782
4.18763632529446,4.922,1.4995,1.49211354291521,28.5859448300947,2762.313
4.18933975529833,4.922,1.4995,1.49050300728464,28.6029261510777,2772.844
4.19132921868196,4.922,1.4995,1.48753779146848,28.6355065512156,2783.454
4.19312548596678,4.935,1.4995,1.48821861508021,28.6590357240539,2794.063
4.19523001165927,4.935,1.4995,1.4905550201716,28.6827731403251,2804.704
4.19656454342917,4.935,1.4995,1.48917714455525,28.7001602202911,2815.766
4.19874989966906,4.935,1.4995,1.49052665563806,28.7342538783438,2826.641
4.20061126920251,4.935,1.4995,1.49341027820687,28.7655830777617,2837.532
4.2022046135621,4.935,1.4951,1.48360593162718,28.8056663823073,2848.891
4.20376274268516,4.935,1.4918,1.4835580589041,28.8355897920879,2859.922
4.20505774588963,4.935,1.488,1.47997502493764,28.8642903663979,2871.032
4.20683018729021,4.935,1.4848,1.47413366051514,28.8899848722092,2882.125
4.20826807751883,4.935,1.482,1.4747769040975,28.9266951507993,2893.297
4.20806566441851,4.922,1.4553,1.44510212740399,28.9440739204691,2904.5
4.20771287284499,4.91,1.4308,1.42063636735223,28.9763010193837,2915.75
4.20687676003067,4.897,1.4057,1.39900154249228,29.0073009327809,2927.032
4.20787743233204,4.897,1.4041,1.39464128828705,29.0244652448595,2938.657
4.20730845536198,4.884,1.3774,1.36983554286986,29.0376813931155,2950.469
4.2081905760653,4.884,1.3757,1.3683337604847,29.0595374853086,2962.11
4.20775518753191,4.872,1.3507,1.34258493699722,29.0734231669002,2973.797
4.2086128531594,4.872,1.3485,1.34132465001426,29.0902991792994,2985.547
4.20810182945776,4.859,1.3234,1.31765957979336,29.1106686116797,2997.329
4.20750314527756,4.846,1.2989,1.28915044716545,29.1169467071016,3009.094
4.20832690677178,4.846,1.2972,1.28761742960992,29.1357273510439,3020.282
4.20742786558528,4.834,1.2711,1.26188779296323,29.1379564941093,3031.438
4.20826394667549,4.834,1.27,1.26183664930894,29.1345936919663,3042.704
4.2092896970749,4.834,1.2678,1.25628298448176,29.1388966961746,3054
4.20850497207803,4.821,1.2427,1.23539070711277,29.1293076425182,3065.297
4.20970935783704,4.821,1.2406,1.23210367346902,29.1273869012166,3076.641
4.20913457926586,4.808,1.2155,1.20400078958176,29.1176775015388,3088.016
4.20814359785696,4.796,1.191,1.18208707690879,29.1052034403529,3099.391
4.2089915760487,4.796,1.1899,1.18360859186618,29.0941858994402,3110.829
4.21010588834444,4.796,1.1871,1.17826004556327,29.081786214277,3122.282
4.20944826584437,4.783,1.1615,1.15461620073211,29.0775113512893,3133.797
4.20862463879024,4.77,1.137,1.12742375517245,29.054342466587,3145.375
4.2074608871946,4.757,1.113,1.10473409908152,29.0474488924883,3156.985
4.20842143674177,4.757,1.1114,1.10516994163594,29.0329006228307,3168.61
4.20951693280438,4.757,1.1097,1.10219422541501,29.0110119260046,3180.329
4.20845513056059,4.745,1.0847,1.07863528851966,28.9838751944051,3191.954
4.20928244708692,4.745,1.083,1.07660175921028,28.9554101033193,3203.672
4.2106439926119,4.745,1.0808,1.07196923910375,28.927472976954,3215.422
4.2098798500597,4.732,1.0552,1.04994190306827,28.9074688286241,3227.25
4.20869662383551,4.719,1.0307,1.02271597291144,28.8733732132395,3239.11
4.20755449393836,4.707,1.0067,1.00073868555746,28.8460772393668,3251
4.20835004015792,4.707,1.0056,0.99991883372257,28.8193628059188,3262.938
4.20896769672455,4.707,1.004,0.994609137233844,28.7935159800722,3274.891
4.20994251318659,4.707,1.0018,0.996689471309574,28.7519359648671,3286.907
4.20911995959611,4.694,0.9773,0.970068757914547,28.7102797234088,3298.969
4.20995164078165,4.694,0.9762,0.968390062640022,28.6756442663343,3311.032
4.20885140909846,4.681,0.95,0.944138776380932,28.6465608095096,3323.079
4.2094930800336,4.681,0.9489,0.941958699196427,28.6094403666216,3335.297
4.21023282268582,4.681,0.9473,0.938760829253383,28.5642632821835,3347.485
4.20940534803398,4.669,0.9233,0.916659954075541,28.5347379363806,3359.688
4.20994178513197,4.669,0.9217,0.914847151945747,28.4937848279444,3372.016
4.21067218975832,4.669,0.92,0.916032713895883,28.4518793765169,3384.313
4.2098028390432,4.656,0.8955,0.891806921984059,28.4061881765364,3396.657
4.20844171971236,4.643,0.8721,0.868487073838732,28.3779090044012,3408.985
4.20904786511141,4.643,0.8715,0.86267178704234,28.3292681765595,3421.391
4.20966491930762,4.643,0.8699,0.865471989613786,28.2912616607399,3433.813
4.20883569489362,4.631,0.8454,0.839231368142797,28.2558626381975,3446.313
4.20886902643491,4.631,0.8443,0.838555033630137,28.2124409517793,3458.797
4.20929941700751,4.631,0.8432,0.837984187510749,28.1803092031677,3471.391
4.21012155335522,4.631,0.8416,0.839001184981275,28.1451575112812,3484
4.21099578467753,4.631,0.8405,0.833243381992515,28.1177400301271,3496.657
4.20981407781204,4.618,0.8154,0.81381502244434,28.0718664993251,3509.391
4.21043023510015,4.618,0.8148,0.810161199145978,28.0308331981277,3521.5
4.21087353562523,4.618,0.8138,0.808114469165804,27.9882056236269,3533.672
4.21000671479861,4.605,0.7892,0.783362874475999,27.9566214592878,3545.813
4.21027724824447,4.605,0.7892,0.779581241288902,27.9357518630206,3557.954
4.21097232054504,4.605,0.7881,0.780798215650412,27.9065718394899,3570.235
4.2099085433453,4.593,0.7636,0.759674491222371,27.8629280904047,3582.563
4.21004159298423,4.593,0.7631,0.75709366515521,27.8355991611668,3594.954
4.21060162025749,4.593,0.762,0.758351258776332,27.801252412695,3607.36
4.21103682309102,4.593,0.7609,0.754273844718085,27.7726439268535,3619.688
4.21212758421008,4.593,0.7593,0.754123865290979,27.7339489004852,3632.079
4.21095772531642,4.58,0.7369,0.731109710752356,27.7057922564409,3644.625
4.20925598373665,4.567,0.7135,0.707358246393131,27.6620521594428,3657.157
4.20994027576326,4.567,0.7124,0.706581621242103,27.6455305655705,3669.719
4.2103007650407,4.567,0.7113,0.707004799897694,27.6184235776595,3682.391
4.21091301398404,4.567,0.7107,0.708419386574226,27.5843800779063,3695.047
4.20975760591018,4.555,0.6873,0.682451865779144,27.5641590812812,3707.735
4.20985755874055,4.555,0.6862,0.681944291696031,27.5302135171526,3720.422
4.21062165332296,4.555,0.6851,0.677349155071275,27.5068599080741,3733.219
4.21128965165103,4.555,0.684,0.677947943046859,27.4833360880551,3745.985
4.21169426611492,4.555,0.6829,0.677927958285926,27.4523859273451,3758.891
4.21033453110434,4.542,0.659,0.655037005191551,27.4253768059101,3771.797
4.21089032460085,4.542,0.6584,0.654404350307497,27.4012513390041,3784.672
4.2113482827572,4.542,0.6573,0.653473277311976,27.3741548842973,3797.875
4.21216225168162,4.542,0.6557,0.65402313864923,27.3533771556079,3810.938
4.21070566150416,4.529,0.6312,0.626869466430721,27.3249874621269,3824.25
4.21099055696699,4.529,0.6306,0.624737940875195,27.2978093650497,3837.36
4.21159868432343,4.529,0.6295,0.625558583034125,27.2675411451089,3850.782
4.2104338180975,4.517,0.6055,0.603376873028987,27.2429992505287,3864.188
4.21039166197336,4.517,0.6055,0.601930518334359,27.2234228055305,3877.375
4.21126855796005,4.517,0.6044,0.59819213132059,27.1911656080023,3890.907
4.21166457161781,4.517,0.6034,0.598802752067642,27.162252413626,3904.219
4.21048575490607,4.504,0.5794,0.576229600110569,27.1413922146915,3917.782
4.2107574500052,4.504,0.5788,0.574371302914887,27.1081256240557,3931.422
4.21128206332246,4.504,0.5783,0.574774287216163,27.1009329819375,3944.954
4.21172858396562,4.504,0.5766,0.574786225445663,27.0651144514929,3958.657
4.21044753957691,4.491,0.5532,0.547449351618364,27.0388987499745,3972.235
4.21057319647164,4.491,0.5527,0.549745786941727,27.0137119629974,3985.782
4.2109284621956,4.491,0.5521,0.546188250853775,26.9793850853959,3999.61
4.21150692556119,4.491,0.551,0.547064633956998,26.9690737944887,4013.344
4.21204558633657,4.491,0.5499,0.546274149035629,26.9492837930229,4026.579
4.21056643013574,4.479,0.5249,0.520163439541941,26.9216933583439,4039.875
4.21087825132389,4.479,0.5243,0.522460550109764,26.9004165706063,4053
4.21121915557044,4.479,0.5238,0.518037335257999,26.876909848778,4066.172
4.21144204076259,4.479,0.5232,0.518622904058869,26.8606414945598,4079.532
4.21207439821463,4.479,0.5221,0.515635630246087,26.8295242383266,4092.86
4.21240180199173,4.479,0.5211,0.517671792330648,26.7988527705175,4106.125
4.21315674550938,4.479,0.52,0.517269957814508,26.7768922862868,4119.547
4.21155653446498,4.466,0.4965,0.490875022795242,26.761884832724,4132.938
4.21200728588649,4.466,0.496,0.492657985794058,26.7499570935057,4146.516
4.21249918809235,4.466,0.4949,0.49466589068778,26.7318057734354,4160.11
4.21284193113342,4.466,0.4943,0.489941097218829,26.7165862509885,4173.688
4.21128764563589,4.453,0.4709,0.466154008717615,26.6767337918418,4187.313
4.2116470079014,4.453,0.4704,0.466507956168967,26.6720626302687,4200.907
4.21011804358382,4.44,0.4475,0.444498271113719,26.6365603550854,4214.625
4.21009696232979,4.44,0.4475,0.444333626372484,26.6083222107314,4228.438
4.21041131055731,4.44,0.4469,0.442565054893176,26.5883486031196,4242.032
4.21036861309785,4.44,0.4464,0.443249084594593,26.5624110594697,4255.688
4.21089352720812,4.44,0.4458,0.442781176728605,26.5357416656709,4269.438
4.21132225545599,4.44,0.4447,0.443656040572779,26.5169653398722,4283.407
4.21174117113779,4.44,0.4442,0.442603285241745,26.5013515493639,4297.188
4.21018783326178,4.428,0.4197,0.412637544228132,26.4918746074018,4311.079
4.21036288752025,4.428,0.4197,0.415486882118506,26.474219823576,4325.079
4.21042708577026,4.428,0.4191,0.416108664664476,26.4426657965115,4339.11
4.21099803167436,4.428,0.4186,0.412062039548136,26.4250547830588,4353.297
4.21115982163409,4.428,0.418,0.413628431450402,26.4174394979094,4367.438
4.21150016926127,4.428,0.4169,0.414754346052165,26.4036102160149,4381.704
4.21198455074527,4.428,0.4164,0.414351472855618,26.3728427873072,4395.985
4.21224942618431,4.428,0.4153,0.412448624376694,26.3600078078549,4410.329
4.21270369647234,4.428,0.4142,0.410256680543801,26.3278025860754,4424.625
4.21162585206241,4.415,0.3913,0.387359273401166,26.3105488798152,4439.11
4.21155745762537,4.415,0.3908,0.385753761757294,26.292470011013,4453.579
4.21193015516655,4.415,0.3902,0.386678374044927,26.2627582543534,4467.954
4.21215351937899,4.415,0.3897,0.386985778047256,26.2420767245955,4482.5
4.21238608641565,4.415,0.3891,0.387927084776542,26.2144520664442,4497.141
4.21276163896191,4.415,0.3881,0.387229221380992,26.2075924656948,4511.672
4.21144186109298,4.402,0.3646,0.361483400174483,26.2045282781054,4525.547
4.21135781529908,4.402,0.3652,0.360137034206127,26.1802050686928,4539.547
4.21158709946598,4.402,0.3646,0.361297459002955,26.1666224271097,4553.579
4.21180573866993,4.402,0.3641,0.361706425441349,26.1412495388345,4567.579
4.2120459498206,4.402,0.363,0.359279980437488,26.1249118437687,4581.672
4.2124100801302,4.402,0.3624,0.361416275002017,26.113562163114,4595.547
4.21272820798356,4.402,0.3619,0.357698169154693,26.0942435291249,4609.625
4.21111195540069,4.39,0.3384,0.335617152014108,26.0705327830012,4623.75
4.21138758120016,4.39,0.339,0.335668322801726,26.0457810744999,4637.985
4.2114338150563,4.39,0.3384,0.335253456124834,26.027808827034,4652.344
4.21160451630467,4.39,0.3379,0.337233290794714,26.0145936507724,4666.657
4.21209230500969,4.39,0.3374,0.334581914735508,25.9899201597847,4681.047
4.21213550351611,4.39,0.3368,0.333578202202281,25.9816196003587,4695.407
4.21254848438501,4.39,0.3357,0.333594265886811,25.9530300444674,4709.75
4.21269028119992,4.39,0.3352,0.332968645195138,25.9473202443473,4724.094
4.2131024326099,4.39,0.3346,0.332631917616075,25.9141575444181,4738.563
4.21362463328898,4.39,0.3341,0.331954738002725,25.8982102779276,4753.125
4.21200706568966,4.377,0.3101,0.308660000166726,25.8758826901864,4767.782
4.21194295162635,4.377,0.3101,0.306942292713967,25.8780864611907,4782.407
4.21218276083235,4.377,0.3096,0.308264226804749,25.8678933460878,4797.094
4.2122396431264,4.377,0.309,0.308157124309332,25.8497969789064,4811.782
4.21265164568437,4.377,0.3085,0.305252668923592,25.8268853064962,4826.579
4.2112932180433,4.364,0.2856,0.281482906768017,25.8118275000363,4841.391
4.211169271397,4.364,0.2856,0.284860770994336,25.794386052545,4856.172
4.21120968000707,4.364,0.2856,0.282908580747782,25.7831406818484,4871.047
4.21125210315311,4.364,0.285,0.28294483456795,25.764241038915,4885.829
4.21139777954635,4.364,0.285,0.280847290969873,25.758066470649,4900.782
4.21147841603229,4.364,0.2845,0.281366379987504,25.7400789156768,4915.797
4.21166094479897,4.364,0.2839,0.280453504085498,25.722114787135,4930.735
4.21214529799064,4.364,0.2834,0.281145779860386,25.7168797672817,4945.75
4.2121775258495,4.364,0.2829,0.279700977024846,25.6953419705614,4960.688
4.21278791603709,4.364,0.2823,0.280515781840025,25.6892289899436,4975.797
4.21122027721426,4.352,0.2594,0.256076330416537,25.6666732410694,4990.907
4.21091912983758,4.352,0.2594,0.256584601401872,25.6544215835304,5006.141
4.21121507518633,4.352,0.2594,0.256542370435018,25.6386018016082,5019.891
4.21117323116587,4.352,0.2589,0.255369263162265,25.6231578166984,5033.735
4.21157724655516,4.352,0.2583,0.256284747323203,25.6114572276548,5047.766
4.21174138462286,4.352,0.2583,0.256276249983638,25.5964817036444,5061.782
4.21183060325695,4.352,0.2578,0.254814411728148,25.5908481182424,5075.719
4.21196725898803,4.352,0.2572,0.255682422601153,25.5693341186142,5089.891
4.2123630605633,4.352,0.2572,0.253184521317965,25.5595100308207,5104.016
4.21246906747366,4.352,0.2567,0.253750548354017,25.5353853796031,5118.313
4.21257874086807,4.352,0.2561,0.250956204906187,25.5292506675681,5132.625
4.21307537039229,4.352,0.2556,0.250855100327116,25.5199672512919,5146.985
4.2133978430714,4.352,0.2551,0.251665941269166,25.5010912977277,5161.157
4.21360405205412,4.352,0.2545,0.251479787583538,25.5008033202702,5175.454
4.21225903629763,4.339,0.2311,0.228233760865922,25.4893910359688,5189.829
4.21182906225095,4.339,0.2311,0.231521249417107,25.4772438086676,5204.313
4.2120952606778,4.339,0.2311,0.229320031810364,25.4667751079676,5218.782
4.21211286988963,4.339,0.2311,0.23003825440628,25.4654030000063,5233.329
4.21217831291555,4.339,0.2305,0.227067666637666,25.4384672988479,5247.829
4.21261962758017,4.339,0.2305,0.229529925800743,25.4346724468179,5262.344
4.21258859203265,4.339,0.23,0.226425332159157,25.4200988572878,5276.719
4.21310033694139,4.339,0.2294,0.226631517072969,25.4160828446347,5291.25
4.21320273772133,4.339,0.2289,0.228469746603124,25.3990672702851,5305.985
4.21316946288729,4.339,0.2283,0.2266367475772,25.3838116462507,5320.766
4.21343584023023,4.339,0.2278,0.224383424038936,25.3681837861751,5335.563
4.2139377177466,4.339,0.2278,0.224014215663084,25.3616088780124,5350.157
4.21192693815701,4.326,0.2038,0.19909594246116,25.3559066322519,5365.11
4.21217248137667,4.326,0.2038,0.205531834595833,25.3370061976813,5380.063
4.21196673549011,4.326,0.2033,0.202274309571497,25.3321664556239,5395.063
4.2122581084088,4.326,0.2038,0.199692841394486,25.3362115091816,5410.125
4.2122182313631,4.326,0.2038,0.200629745077341,25.3145163383259,5425.313
4.21240715290971,4.326,0.2033,0.200199719170479,25.2984643156309,5440.391
4.21245963952241,4.326,0.2027,0.199494042225715,25.2853622578095,5455.657
4.21258247851637,4.326,0.2022,0.199563629339948,25.2683937173258,5470.86
4.21280634809078,4.326,0.2022,0.200882762945562,25.2654099121754,5485.86
4.21310624497994,4.326,0.2016,0.198866515344833,25.2515163421305,5500.969
4.21311954886043,4.326,0.2011,0.201013892728716,25.2371246487977,5516.235
4.21347357570355,4.326,0.2005,0.19941245693764,25.2329570326814,5531.5
4.21362840598626,4.326,0.2005,0.197980847905357,25.221820697907,5546.797
4.21197789507863,4.314,0.1777,0.173964275871149,25.219214608749,5562.25
4.21192409009878,4.314,0.1782,0.17740575739962,25.203700881344,5577.766
4.21192536950292,4.314,0.1777,0.177021127716442,25.1983796489614,5593.204
4.21200024910873,4.314,0.1777,0.175382247438724,25.1812616409692,5608.782
4.21202719679254,4.314,0.1771,0.175448882325753,25.176042439165,5624.532
4.21232164163016,4.314,0.1771,0.173065971954825,25.1672297199879,5640.047
4.21247828447244,4.314,0.1766,0.17467673662168,25.1690160931092,5655.813
4.21248343828269,4.314,0.176,0.174021496899426,25.1543576132539,5671.375
4.21273211666339,4.314,0.176,0.175003948784695,25.134925045814,5687.157
4.2127150627866,4.314,0.176,0.176454541328672,25.1421002889291,5702.938
4.21274807296302,4.314,0.1755,0.171150199384011,25.1297354321663,5718.688
4.2132174805021,4.314,0.1749,0.170955177237236,25.1189450945022,5734.672
4.21318721024775,4.314,0.1749,0.173138631853435,25.1113808104623,5750.75
4.21358428576568,4.314,0.1744,0.169198690943465,25.0987124645498,5766.829
4.2116830611395,4.301,0.1515,0.149284796781736,25.0900172884189,5782.875
4.21148556469856,4.301,0.152,0.147172258759182,25.088696002945,5798.969
4.21171228073389,4.301,0.152,0.147114152566024,25.0668327617941,5815.157
4.21179290607571,4.301,0.1515,0.149511450752653,25.0517579520291,5831.407
4.2118116996047,4.301,0.1515,0.148340539815774,25.0541606513921,5847.532
4.21181820914286,4.301,0.1515,0.149113553516992,25.0409815901952,5863.579
4.21194861803668,4.301,0.1515,0.15007565446793,25.0401255751052,5879.766
4.21195793288934,4.301,0.1509,0.145014694005377,25.0288723970319,5895.922
4.21237417235896,4.301,0.1504,0.151475860640304,25.0299861459096,5912.344
4.21259457592135,4.301,0.1504,0.148196847558285,25.0224619726338,5928.688
4.21276966697692,4.301,0.1499,0.149655492953548,25.0165642437541,5945.282
4.21295168603931,4.301,0.1493,0.146588796481226,24.9971455858415,5961.907
4.21269191193028,4.301,0.1499,0.14666825610128,24.9948527907556,5978.5
4.2133485223796,4.301,0.1488,0.151510284390457,24.991505559023,5995.079
4.21311458793292,4.301,0.1488,0.146408819399928,24.982115445889,6011.813
4.21368605648286,4.301,0.1482,0.150631538148487,24.9729610025671,6027.391
4.21171737413926,4.288,0.1253,0.125826189600075,24.9616159804579,6042.969
4.21162012289935,4.288,0.1259,0.125967885252875,24.9485091488938,6058.344
4.21118961689161,4.288,0.1259,0.121816126293058,24.9395969349448,6073.938
4.2114074398946,4.288,0.1259,0.124018200335498,24.931464719146,6089.438
4.21133106790466,4.288,0.1259,0.119505539623858,24.9224235309876,6105.063
4.21177552131819,4.288,0.1259,0.123675298285876,24.9320044541159,6120.813
4.21148103498656,4.288,0.1253,0.121005352506966,24.9167653063659,6136.422
4.2118685011506,4.288,0.1259,0.122336518294525,24.9038373938983,6152.297
4.21187480150431,4.288,0.1253,0.122994180568804,24.9015427314844,6168.11
4.21158919163689,4.288,0.1248,0.124826380213483,24.8992764197849,6183.985
4.21212595924631,4.288,0.1248,0.122332697100178,24.8788625190266,6199.938
4.21194583608309,4.288,0.1248,0.117533485245023,24.8837790550703,6215.891
4.2122116663391,4.288,0.1242,0.121188562910821,24.8814662693425,6231.657
4.21238277464054,4.288,0.1242,0.120142532057983,24.8606510532304,6247.594
4.21260707067146,4.288,0.1237,0.120807605369502,24.8693901701184,6263.797
4.21245187786636,4.288,0.1237,0.121774050188696,24.8496790936013,6280.047
4.21264272226746,4.288,0.1231,0.121382863531622,24.8454352093573,6296.313
4.21305762548777,4.288,0.1231,0.119020094023786,24.8504316286962,6312.579
4.21266023580761,4.288,0.1226,0.122389802135401,24.8476342504375,6328.938
4.21295567703119,4.288,0.1226,0.124567662907401,24.8355708142608,6345.125
4.21314198334743,4.288,0.1221,0.122443695422654,24.8315618638767,6361.375
4.21296659123041,4.288,0.1221,0.119114389137124,24.8102808543421,6377.641
4.21364693261178,4.288,0.1221,0.120121309075701,24.817717289018,6394
4.21168764169713,4.276,0.0975,0.0954905590415062,24.8091084639527,6410.313
4.21114325522474,4.276,0.0981,0.0945727015425587,24.7950224619236,6426.891
4.21140914044152,4.276,0.0981,0.0974257447620728,24.7987904029186,6443.438
4.21149771114515,4.276,0.0986,0.0969650291942205,24.7819027306478,6459.907
4.21126099940586,4.276,0.0986,0.0914368865175627,24.7814182255394,6476.422
4.2115598074723,4.276,0.0981,0.0961969257595348,24.7706160571664,6493.11
4.21123377894126,4.276,0.0981,0.0936823138501308,24.765233967469,6509.797
4.21141453809289,4.276,0.0975,0.0944595126611889,24.7662349060891,6526.454
4.21150589455237,4.276,0.0981,0.0942462364700168,24.7738761865722,6543.36
4.21140877440109,4.276,0.0975,0.0971132935261062,24.7695272672274,6560.25
4.2117731768343,4.276,0.0975,0.0937200288614756,24.7629018498528,6576.969
4.21167005170918,4.276,0.097,0.0967444587862052,24.7422545866233,6593.969
4.21177844297225,4.276,0.0975,0.0936203078783403,24.7335049169941,6611
4.21217793909023,4.276,0.097,0.0961573803760171,24.7405912744423,6628.063
4.21206370932014,4.276,0.097,0.0975944218160723,24.7329952257494,6645.063
4.21181373759667,4.276,0.097,0.0926310750112743,24.7217122060244,6662.313
4.21276011263888,4.276,0.0964,0.102030712521169,24.7300626662544,6679.344
4.21215048253012,4.276,0.0964,0.0935194622557451,24.7111568956695,6696.485
4.21220648601027,4.276,0.0959,0.0947055550446156,24.7000141336104,6713.672
4.21255615876438,4.276,0.0959,0.0932834823290971,24.7030699157902,6731.047
4.21279574442988,4.276,0.0953,0.0946210710985698,24.699638371857,6748.454
4.21261253358717,4.276,0.0953,0.0911159520954162,24.698121800523,6765.922
4.21303571910046,4.276,0.0948,0.0927635172902697,24.6872200620207,6783.25
4.21300693260238,4.276,0.0948,0.0916109064589145,24.6813882428155,6800.829
4.21307589929601,4.276,0.0948,0.0912781189850355,24.6892642472749,6818.344
4.21299835192475,4.276,0.0943,0.0893148810242153,24.6783186640688,6836.047
4.21383609099057,4.276,0.0937,0.089123591589282,24.681731852157,6853.875
4.21352408470336,4.276,0.0937,0.0915388656005524,24.6623230385375,6871.672
4.21358578148194,4.276,0.0937,0.0930489210147452,24.6658494680417,6889.454
4.21384098157197,4.276,0.0932,0.0925730553196287,24.654483108723,6907.235
4.2138005379082,4.276,0.0932,0.093804358533826,24.6453527394175,6924.969
4.21388010728215,4.276,0.0926,0.0892621517694495,24.6460921345047,6942.922
4.21418294724852,4.276,0.0926,0.0916355515675547,24.6397365250533,6960.985
4.21401104109392,4.276,0.0921,0.0878803799870478,24.6456168836578,6979.11
4.21461125434018,4.276,0.0921,0.0928504326195941,24.6340865413717,6997.282
4.21260502845645,4.263,0.0692,0.0681344203009883,24.6247169271514,7015.391
4.21232896866361,4.263,0.0697,0.0667014359996044,24.6387290668395,7032.313
4.21233481604332,4.263,0.0703,0.0680161730046765,24.6341420153678,7049.391
4.21236281592475,4.263,0.0703,0.0673474391474664,24.6268217097394,7066.5
4.21229875515587,4.263,0.0703,0.0696791691586684,24.6318725521944,7083.672
4.21220674709433,4.263,0.0703,0.0677290164990676,24.6031420466812,7100.547
4.21246740946162,4.263,0.0697,0.0682901864562054,24.5993322570098,7117.719
4.2124342589347,4.263,0.0703,0.0691140466295698,24.6041095262695,7135
4.21239121571473,4.263,0.0697,0.0658483379128623,24.6044245081724,7152.375
4.21222586985476,4.263,0.0697,0.0686048535064927,24.6042157658512,7169.688
4.21238422978616,4.263,0.0697,0.0681805477110677,24.5751574740006,7187.157
4.21246441387228,4.263,0.0697,0.0697958689878031,24.5774265096983,7204.625
4.2123401620956,4.263,0.0692,0.0708363120914503,24.5785999414298,7222.141
4.21265638569337,4.263,0.0692,0.0699855874114375,24.5721233508526,7239.625
4.21246333186185,4.263,0.0692,0.0684427668827345,24.5743579057427,7257.204
4.21292000249766,4.263,0.0692,0.0665156911954966,24.57201044741,7274.75
4.2130064492504,4.263,0.0692,0.0652189225561452,24.5763944697125,7292.25
4.21290034053466,4.263,0.0686,0.0688118560420843,24.5648777606212,7309.985
4.21292120218862,4.263,0.0686,0.0647431519412837,24.5521084598299,7327.485
4.21295894207402,4.263,0.0686,0.0641584073101311,24.5453267742309,7345.016
4.21341256605443,4.263,0.0686,0.0650945790302368,24.5514565610353,7362.797
4.21342087982391,4.263,0.0681,0.0663738612628962,24.5375497304356,7380.625
4.21307573464803,4.263,0.0681,0.0656577438621915,24.5491120043967,7398.61
4.21345104547397,4.263,0.0675,0.0638294095156093,24.5354060189705,7416.594
4.21353666288676,4.263,0.0675,0.066647741594532,24.5518023245976,7434.594
4.21355226773511,4.263,0.0675,0.0662918598363876,24.5374274084624,7452.719
4.2136131395381,4.263,0.067,0.0646752791719766,24.5399554549096,7470.86
4.21350769108708,4.263,0.067,0.0610836374412146,24.5275136865709,7488.688
4.21390514043417,4.263,0.067,0.0635446181942305,24.5253571614156,7506.954
4.21360959982424,4.263,0.067,0.0641531290242023,24.5184750656642,7525.204
4.2139234341349,4.263,0.0665,0.0681715432705143,24.5301914247124,7543.422
4.21406269279683,4.263,0.0665,0.0645715644038433,24.5249985555669,7561.766
4.21401252590754,4.263,0.0665,0.0658641429786111,24.5222286882628,7580.141
4.21428135879887,4.263,0.0659,0.0645523031786781,24.5053200713251,7598.563
4.21442136822097,4.263,0.0659,0.0653583542501191,24.513004972406,7617.094
4.21453440900799,4.263,0.0659,0.0639220327639757,24.5146157089388,7635.547
4.2144109839804,4.263,0.0659,0.0629689293145197,24.5042903417575,7654.094
4.2144367566316,4.263,0.0654,0.0634133854878434,24.4874915361771,7672.672
4.2146245032461,4.263,0.0654,0.0643365198926169,24.4776731603812,7691.282
4.21259991515507,4.25,0.0425,0.0386720849837591,24.4814481111015,7710
4.2126402936271,4.25,0.0436,0.0470464386479491,24.4913424434247,7728.735
4.21222111368109,4.25,0.0436,0.0410556278554215,24.4887954209634,7747.516
4.21235355636194,4.25,0.0436,0.0432210747032584,24.4895332254137,7766.297
4.21207561153353,4.25,0.0436,0.0387933271337442,24.48742813932,7785.219
4.21233058427836,4.25,0.0436,0.0429414405648994,24.4793445372247,7804.11
4.21226618910094,4.25,0.0436,0.0379291615898274,24.4835708125537,7823.141
4.21219506420603,4.25,0.0441,0.0461917189593534,24.4600318380091,7842.266
4.21206624694792,4.25,0.0436,0.0438510598939476,24.474770981307,7861.36
4.21224807552661,4.25,0.0436,0.0441326716188089,24.4665572733253,7880.547
4.21227773016412,4.25,0.0436,0.0419862887138094,24.4591969839458,7899.704
4.21237743105241,4.25,0.0436,0.0427887209380518,24.45734735556,7918.938
4.21265935612749,4.25,0.0436,0.0417658028700591,24.4577300677729,7938.235
4.21226258978066,4.25,0.0436,0.043316548589169,24.452755736608,7957.547
4.21231740552229,4.25,0.0436,0.0415667043858933,24.4408313998892,7976.969
4.21238108071563,4.25,0.0436,0.0417182516813215,24.4354553735525,7996.266
4.21221756438892,4.25,0.0436,0.0428472891884709,24.4495472899478,8015.829
4.21238093650544,4.25,0.0436,0.0418080395576468,24.4527897273541,8033.969
4.2125792025882,4.25,0.0436,0.0415802019004519,24.4408788905978,8052.36
4.21248729062859,4.25,0.043,0.0387432322345105,24.4258377042708,8070.782
4.21256746298728,4.25,0.043,0.042924251142331,24.4405875926898,8089.219
4.2128366682598,4.25,0.043,0.0413702572219045,24.4355952582092,8107.704
4.21255744810435,4.25,0.043,0.0407953968419955,24.4337881057271,8126.266
4.21271229658751,4.25,0.043,0.042262201171048,24.4377876960942,8144.844
4.21285603758724,4.25,0.043,0.0417007319852591,24.4232993562347,8163.516
4.21272243697498,4.25,0.0425,0.0394059910644739,24.4176415799213,8182.235
4.21285289635076,4.25,0.0425,0.0417684588024909,24.4159619502679,8200.969
4.21277982192866,4.25,0.0425,0.0440854471739151,24.4189304670999,8219.782
4.21301551247331,4.25,0.0425,0.0391448552082234,24.4262599739419,8238.625
4.21286002410457,4.25,0.0419,0.040488044061257,24.4183397802732,8257.438
4.21290759978645,4.25,0.0419,0.0418333247545703,24.4192504186491,8276.297
4.21292334757788,4.25,0.0419,0.0429792767130024,24.4296904117779,8295.329
4.21312625310077,4.25,0.0419,0.0375576592395185,24.427120044621,8314.297
4.21307683291535,4.25,0.0419,0.0376787334853646,24.4072038614225,8333.329
4.2132374960719,4.25,0.0419,0.0407024232252765,24.410927936588,8352.485
4.21334054422302,4.25,0.0419,0.0400368685520542,24.3991185851457,8371.641
4.21344560302094,4.25,0.0414,0.0400185467084041,24.39868695497,8390.86
4.21325955197272,4.25,0.0414,0.034204450505127,24.3925821137692,8410.188
4.21340264385663,4.25,0.0414,0.0364114242305019,24.3961598536957,8429.547
4.21365186532738,4.25,0.0414,0.0340072710081785,24.379324640119,8448.985
4.2134342916275,4.25,0.0414,0.039593131226722,24.3981166734289,8468.469
4.21343220959685,4.25,0.0414,0.0376376779706585,24.3933230809365,8487.86
4.21365440214108,4.25,0.0408,0.0374420297594521,24.3930758673063,8507.282
4.21370474954996,4.25,0.0414,0.0414469839296495,24.3923067690024,8526.797
4.21372326540236,4.25,0.0408,0.0398017080293514,24.3784666977017,8546.36
4.21383976441111,4.25,0.0408,0.0371379886154641,24.3813172153238,8565.985
4.21392444826522,4.25,0.0403,0.039579100121236,24.3861514309315,8585.657
4.21371399542384,4.25,0.0408,0.0406738046017748,24.3810662702665,8605.375
4.21398457277826,4.25,0.0403,0.0376590584143123,24.3868318786804,8625.125
4.21406890982761,4.25,0.0403,0.0372832174683186,24.3665095792315,8644.969
4.21421535986053,4.25,0.0403,0.0385051946945991,24.370138953397,8664.813
4.21406111578149,4.25,0.0403,0.0382976419547305,24.3793134657862,8684.766
4.21435524788074,4.25,0.0397,0.0387027605150062,24.3839185194506,8704.735
4.21428351997684,4.25,0.0397,0.0384161450202271,24.3669871185841,8724.782
4.21440055424387,4.25,0.0397,0.0392058991269636,24.3756846892647,8744.875
4.21404566533145,4.25,0.0392,0.0391778945975907,24.3702451877705,8764.969
4.21423464358642,4.25,0.0392,0.0367730946398369,24.3764832021511,8785.141
4.21463554797129,4.25,0.0392,0.0376064959419958,24.3774739403923,8805.344
4.21279939533673,4.238,0.0169,0.0135873119430167,24.3618681922584,8825.594
4.17102921926847,0.002,-0.0006,-0.000741549642609649,24.4869569886448,8845.829
4.18822272791994,0.002,-0.0006,-0.00314090719254775,24.5378483942456,8866.094
4.19257653332191,0.002,-0.0006,-0.00368221081357921,24.5406762980315,8886.422
4.19476411864269,0.002,-0.0006,-0.0020816452498741,24.5323702267126,8906.766
4.19619975367631,0.002,-0.0006,-0.00455732452686255,24.5295809385673,8927.141
4.19732331867974,0.002,-0.0006,-0.00135231443684635,24.530215940568,8947.375
4.19798679698623,0.002,-0.0006,-0.00126687154989775,24.5241997359082,8967.829
4.19851002009053,0.002,-0.0006,-0.00388716400960171,24.5127664742421,8988.329
4.19878933821185,0.002,-0.0006,-0.00441127024936984,24.5060391943173,9008.844
4.19943807595507,0.002,-0.0006,-0.00489498194603607,24.5148121796584,9028.188
4.19943627274892,0.002,-0.0006,-0.00751660380030248,24.5135408466642,9047.579
4.1992604704394,0.002,-0.0006,-0.00420914582747716,24.5018323284584,9067.016
4.19960607845028,0.002,-0.0006,-0.00415801465544059,24.5006745302169,9086.5
4.19973125906537,0.002,0,-0.00434837434180129,24.4907517697233,9106.047
4.19980676068253,0.002,0,-0.00243844837252567,24.4899516716579,9125.61
4.19996834322709,0.002,-0.0006,-0.00264186731735945,24.4620368913711,9145.25
4.19997089932109,0.002,-0.0006,-0.00312350823014235,24.4694529723492,9164.782
4.1998127189113,0.002,0,-0.00207155915070915,24.4635930364099,9184.5
4.19998286314824,0.002,0,-0.00109782452075976,24.4685032930388,9204.125
4.19976187323962,0.002,-0.0006,-0.00271654922756326,24.4641086135804,9223.954
4.19985148729451,0.002,0,-0.00292763336506206,24.4595314777559,9243.672
4.19985904279089,0.002,-0.0006,-0.00424158097457805,24.4566216777549,9263.547
4.20001216607452,0.002,-0.0006,-0.00297705582274717,24.4595010664399,9283.422
4.19984077072308,0.002,-0.0006,-0.000774815518857399,24.4557780522664,9303.344
4.19975540362882,0.002,-0.0006,-0.00226106334460345,24.4404729069872,9323.219
4.19982920273437,0.002,-0.0006,-0.00252527138354273,24.4358969424225,9343.094
4.19984247081464,0.002,-0.0006,-0.00236655868794661,24.4400718180501,9363.125
4.19986534470687,0.002,-0.0006,-0.0036711321521566,24.4428366793693,9383.329
4.19982816854802,0.002,0,-0.00189375554514282,24.4408659438437,9403.469
4.19993617957185,0.002,0,-0.00125505928749669,24.4367071099364,9423.75
4.19982579347099,0.002,0,-0.00158293462408496,24.4279541300735,9443.766
4.19976932085509,0.002,-0.0006,-0.00271199239080938,24.4199466649825,9464.172
4.20002417445001,0.002,-0.0006,-0.00356903664141202,24.4323341330386,9484.375
4.20006564632669,0.002,-0.0006,-0.0033176790112982,24.4286392422229,9504.797
4.19993689454254,0.002,0,-0.00140046973161222,24.4159044546095,9525.25
4.20006082747056,0.002,-0.0006,-0.00598702306564166,24.4182109866252,9545.813
4.19970729859613,0.002,0,0.000923381493599558,24.4202227338092,9566.297
4.19954172747126,0.002,0,0.000658592195618424,24.4149927627613,9586.875
